Target Sequences,Name,Sequence,EC50,Tagg,Tm,CDR3
Can f 1,>SDAB22112-2-B06,QVQLVESGGGLVQPGGSLRLSCAASGFTFRLAAMGWYRQAPEKEREWVASITGPGTDTNYADSVKGRFTVSRDNAKNTVYLQMNSLKPEDTAVYYCRGMGYWGKGTLVTVSS,0.1442,48,Tm1: 56.38 Tm2: 63.74 Tm3: 70.13,RGMGY
Can f 1,>SDAB22112-1-D12,AVQLVDSGGGLVQAGGSLRLACAASGRTFDTYAVGWFRQAPGKERDVVASITWTSGSTWYADFVKGRFTISKDNAKNTVYLQMNNLSPEDTAVYYCGARNQIYTRWDSWGQGTQVTVSS,4.008,49.15,57.78,GARNQIYTRWDS
Can f 1,>SDAB22112-2-D08,QVKLEESGGGLVQAGGSLRLSCVASGRTFSRWHTGWYRQAPGREREFVATLRASGGDTYYADSVKGRFTISRDNAKNTVYLQMNSLKPEDTAVYYCNVWANWGAPPSDFSSWGQGTQVTVSS,5.845,TBD,TBD,NVWANWGAPPSDFSS
Can f 1,>SDAB22112-1-C10,QLQLVESGGGLVQPGGSLRLSCAASGFTFSSYSMSWYRQAPGKERELVATIDTDGRTNYADSVKGRFTISRDNAKNSVYLQMNSLKPEDTAVYYCNRRQLGVDYWGQGTQVTVSS,9.401,TBD,TBD,NRRQLGVDY
Can f 1,>SDAB22112-1-D12-3,QVQLVESGGGLVQPGGSLRLSCAASGFTFSNYGMSWVRQAPGKGLEWVSDVNSSGSRRFYVDSVKGRFTISRDNAKNTVFLQMNSLKPEDSAVYYCVKLAEAGTLIHVGSWGQGTRVTVSS,10.39,TBD,TBD,VKLAEAGTLIHVGS
Can f 1,>SDAB22112-1-C9,QLQLVESGGGLVQPGGSLRLSCVGSGFTFSLASMGWYRQAPGKEREWVASISSLDASTNYADSVKGRFTISRDNAKRMVYLQMNNLKSEDTAVYYCKAMNYWGKGTQVTVSS,13.14,TBD,TBD,KAMNY
Can f 1,>SDAB22112-1-B6-B05,QLQLVESGGGLVQPGGSLRLSCAASRSIFSSYVMAWYRRAPGKKRELVASIANVGSNTDYASFAKGRFTISRDDDKSRDNDKITVYLQMNSLNPEDTAVYYCNAWLGAGSDYWGQGTQVTVSS,8.418,TBD,TBD,YYCNAWLGAGSDY
Can f 2,>SDAB22118-1-F04,QVQLVESGGGLVQPGGSLRLSCAYSGFTLDNNVIGWFRQAPGKEREFVAAISRSGAFTHYTESVQGRFTISRDNAKNTVYLQMNSLKPEDTAVYYCAAGAILLPTERRYDYWGQGTQVTVSS,0.06388,48.08,58.63,AAGAILLPTERRYDY
Can f 2,>SDAB22118-1-B11,AVQLVESGGGLVQPGGSLRLSCAASGFTFSNYYMSWYRQAPGKEREWVAFITSTGSSTNYANSVKGRFTASRDNAKNTVYLQMNSLKPEDTAVYYCKTRLWGNDYWGKGTLVTVSS,0.1644,44.54,55.17,KTRLWGNDY
Can f 2,>SDAB22118-1-D05,QVQLVESGGGLVQAGGSLGLSCAASGRTFNNYVMGWFRQAPGKEREFVAAISRSGSFTHYAEAVQGRFTISRDNAKITVYLQMNSLKPEDTAVYYCAAGAILMPTERTYDYWGQGTQVTVSS,0.0762,39.54,Tm1: 48.35 Tm2: 58.58 Tm3: 64.58,AAGAILMPTERTYDY
Can f 2,>SDAB22118-1-D08,EVQLVESGGGLVQPGGSLRLSCVVSGSIFSDNAMGWYRQAPGKQREMVAIISSVGTTNNVDSVNGRFTISRDNAKNTVYLQMNSLKPEDTAVYYCKDFSAPRYWGQGTQVTVSS,0.04863,40.82,Tm1: 38.89 Tm2: 43.62 Tm3: 54.69,KDFSAPRY
Can f 2,>SDAB22118-2-G01,AVQLVDSGGGLVQAGDSLRLSCVASGRTFSSYVMGWFRQAPGKERLIVATISKSGSLTHYADSVEGRFTISRDNAKNTVYLQMNSLEPEDTAVYYCTPVSDLTGRRLGSYWGQGTQVTVSS,0.07356,38.93,43.71,TPVSDLTGRRLGSY
Can f 2,>SDAB22118-3-B02,AVQLVDSGGGLVQPGGSLRLSCAASGRTFSYYAMGWFRQALGKEREFVAASSRTGRVTNYADSVKGRFTISRDNAKNTVYLQMNSLKPEDTAIYYCAADDRFYGGDNPAFYNSWGQGTQVTVSS,0.007586,TBD,TBD,AADDRFYGGDNPAFYNS
Can f 2,>SDAB22118-3-D01,QVQLVESGGGLVQAGDSLRLSCAASGRSFSNYVMNWFRQAPGKEREFVAAISRSGRSTFYADSVKGRFTISRDNPKATVYLQMNSLVIEDTAVYFCAAASDITSMRSLAAITSWGQGTQVIVSS,0.4291,TBD,TBD,AAASDITSMRSLAAITS
Can f 2,>SDAB22118-3-G05,AVQLVESGGGLVQAGGSLRLSCAASGRTFNNSVMGWFRQAPGKEREFVAAISRSGAFAHYAESVEGRFTISRDNAKNTVYLQMNSLKPEDTAVYYCAAGAILLPTERRYDYWGQGTQVTVSS,0.1494,TBD,TBD,AAGAILLPTERRYDY
Can f 2,>SDAB22118-3-F08,QVQLVESGGGLVQPGESLRLSCAASGSIFSIYRMGWYRQAPGEQREHVATVTSGGGTGYADSVKGRFTIYRDNAKNTVYLQMNSLKPEDTAVYSCYAIPKSWSRTSEYSWGQGTQVTVSS,0.05955,TBD,TBD,YAIPKSWSRTSEYS
Can f 2,>SDAB22118-189-192-1-H03,EVQLVESGGGLVQARGSLRLSCAASGRTFNNYAMGWFRQAPGKEREFVAAIASNTGTTYYAGSVKGRFAISRDNAKNTVDLHMNSLKPEDTAVYYCALGPLRLGWWYDSRPYDYWGQGTQVTVSS,0.0575,TBD,TBD,ALGPLRLGWWYDSRPYDY
Can f 2,>SDAB22118-189-192-1-C05,QVQLVESGGGGVQAGGSLRLSCVASQSHFGYNVMGWYRQAPGRQRELVATIISSGGTNYADSVKGRFTISRDNAKNTVHLSMDSLNVEDTAVYFCYAKGVWLGREYWGQGTQVTVSS,0.03249,TBD,TBD,YAKGVW..LGREY
Can f 2,>SDAB22118-189-192-1-C10,EVQLVESGGGLVQAGGSLRLSCAASGRTFSEYIMGWFRQAPGKERVFVSTISKSGAITNYADSVQGRFTISRDNAKNTVYLQMNSLKPEDSAVYYCAAGPLLSPAGRQYDYWGQGTQVTVSS,0.02166,TBD,TBD,AAGPLLSPAGRQYDY
Can f 2,>SDAB22118-189-192-1-E08,AVQLVESGGGLVQPGGSLRLSCVASGSSSRNYAMGWYRQAPGNEREFVAVITSRGYTHYANSVSGRFTISRDHAKDTAYLQMNSLKPEDTAVYYCNTQAGLLPFMTVYDWGTGTQVTVSS,0.00411,TBD,TBD,NTQAGLLPFMTVYD
Can f 2,>SDAB22118-189-192-1-E09,EVQLVESGGGLVQPGGSLRLSCAASGTIFLINRMGWYRQAPGKQRELVATSFTSGNSTMYADSVKGRFTISRDNAKKTVYLQMNSLKPEDTAVYYCKARISRRYGNWDDYWGQGTQVTVSS,0.05708,TBD,TBD,KARISRRYGNWDDY
Can f 2,>SDAB22118-189-192-1-E10,AVQLVDSGGGLVQTGGSLRLSCAASGTIFSINRMAWYRQAPGKQRELVASIFFSGGITHYADFVKGRFTISRDNAKNTMYLQMNSLKPEDTAVYYCKGVIAPNYRRTSNFQDYWGQGTQVTVSS,0.04267,TBD,TBD,KGVIAPNYRRTSNFQDY
