Target Sequences,Name,Sequence,EC50,Tagg,Tm,Note,CDR3
Fel d 1 36-49AA (ENARILKNCVDAKM),>SDAB22110-1-1-C3,AVQLVESGGGLVQPGGSLRLSCAASGFTFTNYAMRWYRQAPGKERELVAAIPTSGGYTYTADSVKGRFTISRDNAKNTVYLQMNSLKPEDTAVYYCYGLRTLSDYYWGQGTQVTVSS,0.352,58.93,66.5,"Actually binds also to 25-38AA, but weakly",YGLRTLSDYY
Fel d 1 36-49AA (ENARILKNCVDAKM),>SDAB22110-1-1-B9-1,DVQLVESGGGWVQPGGSLRLSCAASGFTFTSYALSWVRQAPGKGLEWVSLADARGTSTTYADSVKGRFTISKDNPRNTLYLLMNSLKPEDTAVYYCTKGFDGNWYPDYDYWGQGTQVTVSS,14.44,41.73,"Tm1: 54.03
Tm2: 63.20
Possible aggregates",,TKGFDGNWYPDYDY
Fel d 1 36-49AA (ENARILKNCVDAKM),>SDAB22110-1-1-E4,QLQLVESGGGLVQPGGSLRLSCTASGFTFSTAGTSWYRQSPGKARKLVAELSRIGGIANYADSVKGRFTISRDNTRNTVYLQMNSLKPEDTAVYYCKVVTNRNYGFTYWGQGTQVTVSS,23.43,39.61,50.69,,KVVTNRNYGFTY
Fel d 1 15-28AA (FAVANGNELLLDLS),>SDAB22110-3-1-D9-1,AVQLVESGGGLVQPGGSLRLSCIISGFTSVSYSIVWFRQAPGKGREGVSCIGSSGGSTDYIDSVKGRFTISRDSAKNTVYLQMDCLKPEDTAVYYCAALRDVYRLCVIDYMNNDYWGQGTQVTVSS,3.305,42.78,"Tm1: 41.13
Tm2: 52.88
Possible aggregates",,AALRDVYRLCVIDYMNNDY
Fel d 1 46-59AA (AKMTEEDKENALS),>SDAB22110-4-3-B02,QVQLVESGGGLVQPGGSLRLSCVASGFTFSFYTMEWYRQAAGKQRELVAGLTASGTTHYADSAKGRFTISRDNAWNTVFLQMNGLKPEDTAVYYCNAYSGYRDYWGQGTQVTVSL,5.024,35.68,42.43,,NAYSGYRDY
Fel d 1 46-59AA (AKMTEEDKENALS),>SDAB22110-4-3-E05,QVQLVESGGGLVQPGGSLRLSCVGSGFTFSQYAMRWYRQVPGKARELVAAISRSGDFMYYADSVKGRFTISRDNVKSAVILQMNSLKPEDTAVYYCYGQATISDTLWGQGTQVTVSS,12.2,40.93,46.83,,YGQATISDTL
Fel d 1 46-59AA (AKMTEEDKENALS),>SDAB22110-4-3-G08,DVQLVESGGGLVQPGGSLRLSCAASGFTFSLYYMSWYRQVPGKERELVATITSGTHATTYADSVKGRFTISRDNAKNTVSLQMNSLKREDTGVYYCKRTNAGQDPWGQGTQVTVSS,1.719,31.74,"Tm1: 37.85
Tm2: 47.65
Tm3: 62.39
Possible aggregates",,KRTNAGQDP
Fel d 1 46-59AA (AKMTEEDKENALS),>SDAB22110-4-3-H02,QLQLVESGGGLVQPGGSLRLSCEASGFTFKYYTMSWYRQAPGKERELVATITNGDRTNYADSVKGRFTISRDNAKNTLYLQMNSLKPYDTAVYYCNRHLPLLQIWGQGTQVTVSS,2.215,42.29,58.58,,NRHLPLLQI
Fel d 1 25-38AA (VAQYKALPVVLENA),>SDAB22110-1-1-C3,AVQLVESGGGLVQPGGSLRLSCAASGFTFTNYAMRWYRQAPGKERELVAAIPTSGGYTYTADSVKGRFTISRDNAKNTVYLQMNSLKPEDTAVYYCYGLRTLSDYYWGQGTQVTVSS,0.352,58.93,66.5,,YGLRTLSDYY
